breakfast_Breakfast_No,breakfast_Breakfast_Yes,eating_out_High,eating_out_Low,eating_out_Medium,fruit_day_High,fruit_day_Low,fruit_day_Medium,veggies_day_High,veggies_day_Low,veggies_day_Medium,calories_day_Low,calories_day_Medium,calories_day_High,cook_High,cook_Low,cook_Medium,healthy_feeling_High,healthy_feeling_Low,healthy_feeling_Medium,nutritional_check_High,nutritional_check_Low,nutritional_check_Medium,italian_food_High,italian_food_Medium,greek_food_High,greek_food_Low,greek_food_Medium,indian_food_High,indian_food_Low,indian_food_Medium,thai_food_High,thai_food_Low,thai_food_Medium,ethnic_food_High,ethnic_food_Low,ethnic_food_Medium
1,0,0,0,1,1,0,0,1,0,0,0,0,0,0,1,0,0,1,0,1,0,0,1,0,1,0,0,1,0,0,0,1,0,0,1,0
1,0,0,1,0,0,0,1,0,0,1,0,1,0,0,0,1,1,0,0,0,0,1,0,1,0,0,1,0,0,1,0,1,0,0,0,1
1,0,0,1,0,1,0,0,1,0,0,0,0,1,0,1,0,1,0,0,0,0,1,1,0,1,0,0,1,0,0,1,0,0,1,0,0
1,0,0,1,0,0,0,1,0,0,1,0,1,0,0,1,0,1,0,0,0,1,0,1,0,1,0,0,1,0,0,1,0,0,1,0,0
1,0,0,1,0,0,0,1,0,0,1,1,0,0,0,1,0,1,0,0,0,0,1,1,0,0,0,1,0,1,0,0,0,1,0,0,1
1,0,0,1,0,0,1,0,0,1,0,0,1,0,0,0,1,0,0,1,0,1,0,1,0,0,1,0,1,0,0,0,0,1,0,0,1
1,0,0,1,0,0,0,1,0,0,1,0,1,0,0,1,0,0,0,1,0,0,1,1,0,1,0,0,1,0,0,1,0,0,1,0,0
1,0,0,1,0,1,0,0,0,0,1,0,1,0,0,0,1,0,0,1,0,0,1,0,1,0,0,1,0,1,0,0,1,0,0,1,0
1,0,1,0,0,0,0,1,0,0,1,0,0,0,0,0,1,1,0,0,0,1,0,1,0,1,0,0,1,0,0,1,0,0,1,0,0
1,0,0,0,1,1,0,0,1,0,0,0,1,0,0,0,1,0,0,1,1,0,0,1,0,1,0,0,0,0,1,0,0,1,1,0,0
1,0,0,1,0,1,0,0,1,0,0,0,1,0,0,1,0,1,0,0,0,1,0,1,0,0,1,0,0,1,0,0,1,0,1,0,0
1,0,0,1,0,1,0,0,1,0,0,0,0,1,0,0,1,0,1,0,1,0,0,1,0,1,0,0,1,0,0,1,0,0,1,0,0
1,0,0,1,0,0,0,1,0,0,1,0,1,0,1,0,0,1,0,0,0,1,0,0,1,0,0,1,0,0,1,0,0,1,0,0,1
1,0,0,0,1,1,0,0,1,0,0,0,1,0,0,1,0,1,0,0,0,1,0,1,0,0,0,1,0,0,1,1,0,0,1,0,0
1,0,0,1,0,1,0,0,1,0,0,0,1,0,0,0,1,0,1,0,0,1,0,0,1,0,0,1,0,1,0,0,0,1,0,0,1
0,1,0,0,1,0,0,1,0,1,0,0,0,0,0,0,1,1,0,0,0,1,0,1,0,0,1,0,0,1,0,0,1,0,0,1,0
1,0,0,1,0,1,0,0,1,0,0,0,1,0,0,0,1,1,0,0,0,0,1,0,1,0,1,0,1,0,0,0,1,0,0,1,0
1,0,0,1,0,0,0,1,0,0,1,0,1,0,0,0,1,1,0,0,0,0,1,1,0,0,0,1,0,0,1,0,0,1,0,0,1
1,0,0,0,1,1,0,0,1,0,0,0,1,0,0,0,1,1,0,0,0,1,0,1,0,0,0,1,0,1,0,0,1,0,0,1,0
1,0,0,1,0,0,1,0,0,1,0,1,0,0,0,0,1,0,0,1,0,1,0,1,0,0,0,1,0,1,0,0,0,1,0,0,1
1,0,0,0,1,0,1,0,0,0,1,0,1,0,1,0,0,1,0,0,0,1,0,0,1,0,1,0,0,1,0,0,1,0,0,0,1
1,0,0,1,0,0,0,1,0,1,0,0,1,0,0,0,1,1,0,0,0,0,1,1,0,1,0,0,1,0,0,1,0,0,0,0,1
1,0,0,1,0,0,0,1,0,0,1,0,1,0,1,0,0,0,1,0,0,0,1,1,0,0,0,1,1,0,0,0,0,1,0,0,1
0,1,0,1,0,0,0,1,0,0,1,0,1,0,0,0,1,0,0,1,0,1,0,1,0,0,1,0,0,0,1,0,0,1,1,0,0
1,0,0,0,1,0,0,1,0,0,1,1,0,0,0,1,0,1,0,0,0,1,0,1,0,1,0,0,0,0,1,0,0,1,0,0,1
0,1,0,1,0,0,0,1,0,0,1,0,1,0,0,0,1,1,0,0,0,0,1,0,1,0,0,1,0,0,1,0,0,1,0,1,0
1,0,0,1,0,0,0,1,0,0,1,1,0,0,0,0,1,1,0,0,0,1,0,1,0,0,1,0,0,1,0,0,1,0,0,1,0
1,0,0,1,0,1,0,0,1,0,0,0,0,1,0,0,1,1,0,0,0,0,1,0,1,0,0,1,0,0,1,0,0,1,0,0,1
1,0,0,1,0,0,0,1,0,1,0,1,0,0,0,1,0,0,0,1,1,0,0,1,0,0,1,0,0,1,0,0,1,0,0,1,0
1,0,1,0,0,1,0,0,0,0,1,1,0,0,0,0,1,1,0,0,0,1,0,1,0,0,0,1,1,0,0,1,0,0,1,0,0
1,0,0,0,1,0,0,1,1,0,0,0,1,0,0,0,1,1,0,0,0,0,1,0,1,0,1,0,0,0,1,0,0,1,0,0,1
1,0,0,1,0,1,0,0,1,0,0,0,1,0,0,1,0,1,0,0,0,0,1,1,0,1,0,0,0,0,1,0,0,1,1,0,0
1,0,0,0,1,0,0,1,1,0,0,0,1,0,1,0,0,1,0,0,0,0,1,1,0,1,0,0,1,0,0,1,0,0,1,0,0
1,0,0,1,0,0,0,1,0,0,1,0,1,0,0,0,1,1,0,0,0,0,1,1,0,1,0,0,0,1,0,0,1,0,0,0,1
1,0,0,0,1,1,0,0,0,0,1,0,1,0,0,0,1,0,1,0,0,0,1,1,0,0,0,1,0,1,0,0,0,1,0,1,0
1,0,0,1,0,1,0,0,1,0,0,1,0,0,0,1,0,0,1,0,0,1,0,1,0,0,0,1,0,1,0,0,1,0,0,1,0
1,0,0,0,1,1,0,0,1,0,0,0,1,0,0,0,1,1,0,0,0,0,1,1,0,0,0,1,0,1,0,0,1,0,0,0,1
1,0,0,1,0,0,0,1,0,0,1,0,0,1,0,1,0,0,0,1,0,0,1,1,0,1,0,0,0,0,1,1,0,0,0,0,1
1,0,0,1,0,0,0,1,0,0,1,0,1,0,0,0,1,1,0,0,0,0,1,1,0,0,0,1,0,0,1,0,1,0,0,0,1
1,0,1,0,0,1,0,0,0,0,1,0,0,0,1,0,0,0,0,1,0,1,0,0,1,0,1,0,0,0,1,0,0,1,0,0,1
1,0,0,1,0,0,0,1,0,0,1,0,1,0,0,0,1,1,0,0,0,0,1,1,0,1,0,0,0,0,1,0,0,1,0,0,1
1,0,0,0,1,1,0,0,1,0,0,0,0,1,0,1,0,1,0,0,0,0,1,1,0,1,0,0,0,0,1,0,0,1,0,0,1
1,0,0,1,0,1,0,0,0,0,1,0,1,0,0,0,1,1,0,0,0,1,0,1,0,1,0,0,0,0,1,0,0,1,0,0,1
1,0,0,1,0,0,0,1,0,0,1,1,0,0,0,0,1,1,0,0,0,0,1,1,0,1,0,0,1,0,0,1,0,0,1,0,0
1,0,0,1,0,1,0,0,1,0,0,0,0,1,0,1,0,1,0,0,0,0,1,1,0,1,0,0,1,0,0,1,0,0,1,0,0
1,0,0,1,0,1,0,0,1,0,0,0,1,0,0,0,1,0,0,1,0,1,0,1,0,1,0,0,1,0,0,1,0,0,1,0,0
1,0,0,1,0,0,0,1,0,0,1,1,0,0,0,0,1,0,0,1,0,0,1,1,0,0,0,1,0,0,1,0,0,1,0,0,1
1,0,0,1,0,1,0,0,1,0,0,0,0,0,0,0,1,1,0,0,0,1,0,0,1,0,0,1,0,1,0,0,1,0,0,0,1
0,1,0,1,0,1,0,0,1,0,0,0,0,0,0,0,1,0,1,0,0,0,1,1,0,0,0,1,0,0,1,0,0,1,0,0,1
1,0,0,1,0,0,0,1,0,0,1,0,1,0,0,0,1,1,0,0,0,1,0,1,0,0,0,1,0,0,1,0,0,1,0,0,1
1,0,0,1,0,0,0,1,1,0,0,0,1,0,1,0,0,1,0,0,1,0,0,0,1,0,1,0,0,1,0,0,1,0,0,1,0
1,0,0,0,1,1,0,0,0,0,1,0,0,1,0,0,1,1,0,0,1,0,0,1,0,1,0,0,1,0,0,1,0,0,1,0,0
1,0,1,0,0,1,0,0,1,0,0,0,0,1,0,1,0,0,1,0,1,0,0,1,0,1,0,0,0,0,1,0,0,1,0,0,1
1,0,0,0,1,0,0,1,0,0,1,0,0,0,0,0,1,1,0,0,0,1,0,1,0,0,0,1,0,1,0,0,1,0,0,0,1
1,0,0,0,1,1,0,0,1,0,0,0,1,0,0,1,0,1,0,0,0,0,1,1,0,1,0,0,0,0,1,0,0,1,1,0,0
0,1,1,0,0,0,0,1,0,0,1,1,0,0,0,0,1,1,0,0,0,0,1,1,0,0,0,1,0,1,0,0,0,1,0,0,1
1,0,0,0,1,1,0,0,1,0,0,0,0,1,0,0,1,0,1,0,0,0,1,1,0,0,0,1,1,0,0,1,0,0,1,0,0
1,0,0,0,1,0,0,1,0,0,1,0,0,1,0,1,0,1,0,0,1,0,0,1,0,1,0,0,0,1,0,0,1,0,0,1,0
1,0,0,1,0,1,0,0,1,0,0,0,1,0,0,1,0,0,0,1,0,1,0,1,0,1,0,0,1,0,0,1,0,0,1,0,0
1,0,0,1,0,1,0,0,0,0,1,0,0,0,0,1,0,1,0,0,0,1,0,1,0,1,0,0,1,0,0,1,0,0,1,0,0
1,0,1,0,0,1,0,0,1,0,0,0,0,1,0,1,0,0,0,1,0,0,1,1,0,0,0,1,0,1,0,0,1,0,1,0,0
1,0,0,1,0,0,0,1,0,0,1,1,0,0,0,1,0,0,1,0,0,0,1,0,1,0,0,1,0,1,0,0,1,0,0,0,1
1,0,1,0,0,0,0,1,0,0,1,0,0,1,0,0,1,0,1,0,0,0,1,1,0,0,0,1,0,1,0,0,1,0,0,1,0
1,0,0,0,1,1,0,0,1,0,0,0,0,1,0,0,1,1,0,0,0,0,1,0,1,0,0,1,0,0,1,0,0,1,1,0,0
1,0,0,0,1,1,0,0,1,0,0,0,1,0,0,1,0,0,0,1,0,0,1,1,0,0,0,1,0,0,1,0,0,1,0,0,1
1,0,0,0,1,0,0,1,0,0,1,0,0,0,0,1,0,0,0,1,0,1,0,1,0,0,0,1,0,1,0,0,0,1,0,0,1
1,0,0,1,0,1,0,0,1,0,0,0,1,0,0,1,0,0,0,1,0,0,1,1,0,0,0,1,0,0,1,0,0,1,0,0,1
1,0,0,0,1,1,0,0,1,0,0,1,0,0,0,0,1,0,1,0,0,1,0,0,1,0,1,0,0,1,0,0,1,0,1,0,0
1,0,0,1,0,1,0,0,1,0,0,0,1,0,0,0,1,1,0,0,0,0,1,1,0,0,0,1,0,1,0,0,0,1,0,0,1
0,1,0,1,0,0,0,1,1,0,0,0,0,1,0,1,0,0,0,1,0,0,1,1,0,0,1,0,0,1,0,1,0,0,0,1,0
1,0,0,1,0,1,0,0,1,0,0,0,1,0,0,0,1,0,0,1,0,1,0,1,0,1,0,0,1,0,0,1,0,0,1,0,0
1,0,0,1,0,1,0,0,1,0,0,0,0,0,0,1,0,1,0,0,0,0,1,1,0,0,0,1,0,0,1,0,0,1,1,0,0
0,1,0,1,0,1,0,0,1,0,0,0,1,0,0,0,1,0,0,1,0,1,0,1,0,0,1,0,0,0,1,0,0,1,0,0,1
1,0,0,0,1,0,0,1,0,0,1,0,0,1,0,1,0,0,1,0,1,0,0,1,0,0,0,1,0,1,0,0,1,0,0,0,1
0,1,0,1,0,0,0,1,0,0,1,1,0,0,0,1,0,1,0,0,0,1,0,0,1,0,0,1,0,0,1,0,0,1,0,0,1
1,0,0,1,0,1,0,0,0,0,1,0,1,0,0,0,1,1,0,0,0,0,1,1,0,0,0,1,0,0,1,0,0,1,1,0,0
0,1,0,1,0,0,0,1,0,1,0,0,1,0,0,1,0,0,0,1,0,0,1,1,0,0,1,0,0,1,0,0,1,0,0,1,0
0,1,0,1,0,0,0,1,0,1,0,1,0,0,0,1,0,0,0,1,0,1,0,0,1,0,1,0,0,1,0,0,1,0,0,1,0
1,0,0,1,0,1,0,0,0,0,1,0,1,0,0,1,0,1,0,0,0,0,1,0,1,0,0,1,0,0,1,0,0,1,0,0,1
1,0,0,1,0,1,0,0,0,0,1,0,1,0,1,0,0,0,1,0,0,0,1,1,0,1,0,0,0,0,1,1,0,0,1,0,0
1,0,0,0,1,0,0,1,0,1,0,1,0,0,0,0,1,0,0,1,0,1,0,1,0,0,0,1,0,0,1,0,0,1,0,0,1
0,1,0,0,1,0,0,1,0,1,0,0,1,0,0,0,1,0,1,0,0,1,0,1,0,0,0,1,0,0,1,0,0,1,0,0,1
1,0,1,0,0,0,0,1,0,0,1,0,0,0,1,0,0,1,0,0,0,0,1,1,0,0,0,1,0,0,1,0,0,1,0,0,1
1,0,0,1,0,0,0,1,0,0,1,0,1,0,0,1,0,0,0,1,0,0,1,1,0,1,0,0,1,0,0,1,0,0,1,0,0
1,0,0,1,0,1,0,0,1,0,0,0,1,0,0,1,0,1,0,0,1,0,0,1,0,1,0,0,1,0,0,1,0,0,1,0,0
1,0,0,0,1,1,0,0,0,0,1,0,1,0,0,0,1,1,0,0,0,0,1,1,0,0,0,1,0,1,0,0,0,1,0,0,1
1,0,0,1,0,1,0,0,0,0,1,0,1,0,0,1,0,0,0,1,1,0,0,1,0,0,0,1,0,0,1,0,0,1,0,0,1
1,0,0,1,0,0,0,1,0,0,1,0,1,0,0,0,1,1,0,0,0,1,0,1,0,0,1,0,0,1,0,0,1,0,0,0,1
0,1,0,1,0,0,0,1,0,0,1,0,0,1,1,0,0,1,0,0,1,0,0,1,0,1,0,0,1,0,0,1,0,0,1,0,0
1,0,0,1,0,1,0,0,1,0,0,0,1,0,0,0,1,1,0,0,1,0,0,1,0,0,0,1,1,0,0,1,0,0,1,0,0
1,0,0,1,0,1,0,0,0,0,1,0,0,1,0,0,1,1,0,0,0,1,0,1,0,0,0,1,0,0,1,0,0,1,0,0,1
0,1,0,0,1,0,1,0,0,1,0,1,0,0,0,1,0,1,0,0,0,0,1,0,1,0,1,0,0,1,0,0,1,0,0,1,0
0,1,1,0,0,0,1,0,0,0,1,0,0,0,0,1,0,1,0,0,0,1,0,1,0,0,1,0,0,1,0,0,1,0,0,1,0
1,0,0,1,0,0,0,1,1,0,0,0,0,0,0,0,1,1,0,0,0,1,0,1,0,0,0,1,1,0,0,1,0,0,1,0,0
1,0,0,1,0,1,0,0,1,0,0,0,1,0,0,1,0,1,0,0,0,0,1,1,0,1,0,0,1,0,0,1,0,0,1,0,0
1,0,0,1,0,0,0,1,0,0,1,0,0,0,0,0,1,1,0,0,0,0,1,1,0,0,0,1,0,0,1,0,0,1,0,0,1
1,0,0,1,0,0,0,1,0,1,0,0,1,0,0,1,0,0,1,0,0,1,0,1,0,0,0,1,0,0,1,0,0,1,0,0,1
1,0,0,1,0,1,0,0,1,0,0,0,1,0,0,0,1,0,1,0,0,0,1,1,0,0,1,0,0,1,0,0,0,1,0,0,1
1,0,1,0,0,1,0,0,0,0,1,0,1,0,0,0,1,1,0,0,0,0,1,1,0,1,0,0,1,0,0,1,0,0,1,0,0
1,0,0,0,1,1,0,0,1,0,0,0,0,1,0,0,1,0,0,1,0,1,0,1,0,0,0,1,0,1,0,0,1,0,0,0,1
1,0,0,1,0,1,0,0,1,0,0,0,1,0,0,0,1,0,1,0,0,1,0,1,0,1,0,0,1,0,0,1,0,0,1,0,0
1,0,0,1,0,1,0,0,1,0,0,0,0,0,0,0,1,0,0,1,0,0,1,1,0,1,0,0,0,0,1,0,0,1,1,0,0
1,0,0,0,1,1,0,0,1,0,0,0,0,1,0,1,0,1,0,0,1,0,0,1,0,0,1,0,0,1,0,0,1,0,1,0,0
1,0,0,1,0,1,0,0,1,0,0,0,1,0,0,1,0,0,0,1,0,0,1,1,0,0,0,1,1,0,0,0,0,1,1,0,0
1,0,0,1,0,0,0,1,1,0,0,0,1,0,0,0,1,1,0,0,0,0,1,1,0,0,0,1,0,0,1,1,0,0,0,0,1
1,0,0,0,1,0,0,1,0,1,0,0,1,0,0,0,1,0,1,0,0,1,0,1,0,1,0,0,0,0,1,0,0,1,0,0,1
1,0,1,0,0,1,0,0,1,0,0,0,1,0,0,1,0,1,0,0,0,0,1,1,0,1,0,0,1,0,0,0,0,1,1,0,0
1,0,0,1,0,0,0,1,0,0,1,0,1,0,0,1,0,1,0,0,0,1,0,1,0,0,0,1,0,0,1,1,0,0,0,0,1
1,0,0,1,0,1,0,0,1,0,0,1,0,0,1,0,0,1,0,0,0,0,1,1,0,0,1,0,1,0,0,0,1,0,0,1,0
1,0,0,0,1,0,0,1,0,0,1,0,1,0,0,1,0,1,0,0,0,0,1,1,0,0,1,0,0,1,0,0,1,0,0,1,0
1,0,0,0,1,0,0,1,0,0,1,0,1,0,0,0,1,1,0,0,0,0,1,1,0,0,0,1,0,0,1,0,0,1,0,0,1
1,0,0,1,0,0,0,1,0,0,1,1,0,0,0,1,0,1,0,0,0,0,1,0,1,1,0,0,0,1,0,0,1,0,0,0,1
1,0,0,0,1,1,0,0,0,0,1,0,0,1,0,1,0,1,0,0,0,0,1,1,0,1,0,0,1,0,0,1,0,0,1,0,0
1,0,0,0,1,0,0,1,0,1,0,1,0,0,0,1,0,1,0,0,0,0,1,1,0,0,0,1,0,1,0,0,1,0,0,0,1
1,0,0,0,1,0,0,1,0,0,1,0,1,0,0,0,1,1,0,0,0,0,1,0,1,0,0,1,1,0,0,1,0,0,0,0,1
1,0,0,1,0,1,0,0,0,1,0,0,0,1,0,0,1,1,0,0,0,1,0,0,1,0,1,0,0,1,0,0,1,0,0,1,0
1,0,0,0,1,1,0,0,1,0,0,0,0,0,0,0,1,1,0,0,0,1,0,1,0,0,1,0,0,0,1,1,0,0,0,0,1
1,0,0,1,0,0,0,1,0,0,1,0,0,0,0,0,1,1,0,0,0,1,0,0,1,0,1,0,0,1,0,1,0,0,0,0,1
1,0,0,1,0,1,0,0,1,0,0,0,1,0,0,0,1,1,0,0,0,1,0,1,0,0,0,1,0,0,1,0,0,1,0,0,1
1,0,0,1,0,1,0,0,1,0,0,0,1,0,0,1,0,1,0,0,0,1,0,1,0,1,0,0,1,0,0,1,0,0,1,0,0
1,0,0,1,0,1,0,0,1,0,0,0,0,1,0,0,1,1,0,0,1,0,0,1,0,1,0,0,0,0,1,1,0,0,0,0,1
1,0,0,0,1,0,0,1,1,0,0,1,0,0,0,0,1,1,0,0,0,0,1,1,0,0,1,0,1,0,0,0,0,1,0,0,1
1,0,0,0,1,0,0,1,0,0,1,0,0,0,0,0,1,1,0,0,0,0,1,0,1,1,0,0,1,0,0,1,0,0,1,0,0
1,0,1,0,0,1,0,0,0,0,1,0,0,1,0,0,1,0,1,0,0,0,1,1,0,0,1,0,0,1,0,0,1,0,0,1,0
1,0,0,1,0,0,0,1,0,0,1,0,0,0,1,0,0,0,0,1,1,0,0,0,1,0,1,0,0,1,0,0,1,0,0,0,1
